,Seed,Random Accuracy,Random F1,Majority Accuracy,Majority F1,MultinomialNB Accuracy,MultinomialNB F1,SVM Accuracy,SVM F1,SGD Accuracy,SGD F1,Ensemble Accuracy,Ensemble F1
0,42,0.5018090569561158,0.5148604875831109,0.47478991596638653,0.0,0.8622198879551821,0.8726811906816221,0.7209675536881419,0.7782492753623188,0.6644782913165266,0.7509259860939632,0.7193627450980392,0.7794239060636639
1,91,0.5018090569561158,0.5148604875831109,0.47478991596638653,0.0,0.8622198879551821,0.8726811906816221,0.7209675536881419,0.7782492753623188,0.6514939309056956,0.7446990424076607,0.71875,0.7792915531335151
2,184,0.5018090569561158,0.5148604875831109,0.47478991596638653,0.0,0.8622198879551821,0.8726811906816221,0.7209675536881419,0.7782492753623188,0.6557247899159664,0.7465796086685711,0.7189834267040149,0.7793029171154242
3,333,0.5018090569561158,0.5148604875831109,0.47478991596638653,0.0,0.8622198879551821,0.8726811906816221,0.7209675536881419,0.7782492753623188,0.6521358543417367,0.7447655748233784,0.7185457516339869,0.7790756264028217
4,647,0.5018090569561158,0.5148604875831109,0.47478991596638653,0.0,0.8622198879551821,0.8726811906816221,0.7209675536881419,0.7782492753623188,0.6521942110177404,0.7449394445157701,0.7186332866479925,0.7791797384872564
5,Mean,0.5018090569561158,0.5148604875831109,0.47478991596638653,0.0,0.8622198879551821,0.872681190681622,0.7209675536881419,0.7782492753623188,0.6552054154995332,0.7463819313018687,0.7188550420168067,0.7792547482405363
6,Std,0.0,0.0,0.0,0.0,0.0,1.1102230246251565e-16,0.0,0.0,0.004868688770598124,0.0023754158254393645,0.0002932967290646363,0.00011832185395248596
