,Seed,Random Accuracy,Random F1,Majority Accuracy,Majority F1,MultinomialNB Accuracy,MultinomialNB F1,SVM Accuracy,SVM F1,SGD Accuracy,SGD F1,Ensemble Accuracy,Ensemble F1
0,42,0.4996206816059757,0.5141513443068815,0.47478991596638653,0.0,0.8924194677871149,0.8878069561512948,0.8488562091503268,0.8495061011040094,0.8084733893557423,0.8154001912368525,0.8587768440709617,0.8586778790002335
1,91,0.4996206816059757,0.5141513443068815,0.47478991596638653,0.0,0.8924194677871149,0.8878069561512948,0.8488562091503268,0.8495061011040094,0.7731384220354809,0.8069330287303518,0.8656045751633987,0.8688048308077931
2,184,0.4996206816059757,0.5141513443068815,0.47478991596638653,0.0,0.8924194677871149,0.8878069561512948,0.8488562091503268,0.8495061011040094,0.8007703081232493,0.8079000675219445,0.8569969654528478,0.8566749524784325
3,333,0.4996206816059757,0.5141513443068815,0.47478991596638653,0.0,0.8924194677871149,0.8878069561512948,0.8488562091503268,0.8495061011040094,0.8062558356676004,0.8145147773618638,0.8588935574229691,0.858778180119145
4,647,0.4996206816059757,0.5141513443068815,0.47478991596638653,0.0,0.8924194677871149,0.8878069561512948,0.8488562091503268,0.8495061011040094,0.8091153127917834,0.8234182681926149,0.8590102707749766,0.8604919736690148
5,Mean,0.4996206816059757,0.5141513443068815,0.47478991596638653,0.0,0.8924194677871149,0.8878069561512948,0.8488562091503267,0.8495061011040093,0.7995506535947713,0.8136332666087254,0.8598564425770308,0.8606855632149237
6,Std,0.0,0.0,0.0,0.0,0.0,0.0,1.1102230246251565e-16,1.1102230246251565e-16,0.013528864836011194,0.005956645016140509,0.002967366681992694,0.0042358915901269745
