,Seed,Random Accuracy,Random F1,Majority Accuracy,Majority F1,MultinomialNB Accuracy,MultinomialNB F1,SVM Accuracy,SVM F1,SGD Accuracy,SGD F1,Ensemble Accuracy,Ensemble F1
0,42,0.512,0.5100401606425702,0.5,0.0,0.763,0.742671009771987,0.7844,0.74247491638796,0.8012,0.778914590747331,0.7954,0.765097588978186
1,91,0.512,0.5100401606425702,0.5,0.0,0.763,0.742671009771987,0.7844,0.74247491638796,0.8408,0.8301323090055485,0.8102,0.7862131110610497
2,184,0.512,0.5100401606425702,0.5,0.0,0.763,0.742671009771987,0.7844,0.74247491638796,0.767,0.7229488703923901,0.7846,0.7461701626207871
3,333,0.512,0.5100401606425702,0.5,0.0,0.763,0.742671009771987,0.7844,0.74247491638796,0.7692,0.729868913857678,0.7838,0.7473708810469736
4,647,0.512,0.5100401606425702,0.5,0.0,0.763,0.742671009771987,0.7844,0.74247491638796,0.8404,0.8324937027707808,0.8128,0.7905102954341987
5,Mean,0.512,0.5100401606425702,0.5,0.0,0.763,0.742671009771987,0.7844,0.74247491638796,0.80372,0.7788716773547456,0.7973600000000001,0.767072407828239
6,Std,0.0,0.0,0.0,0.0,0.0,0.0,0.0,0.0,0.0324551629174774,0.04697149556361794,0.012278371227487784,0.018679694951427992
