,Seed,Random Accuracy,Random F1,Majority Accuracy,Majority F1,MultinomialNB Accuracy,MultinomialNB F1,SVM Accuracy,SVM F1,SGD Accuracy,SGD F1,Ensemble Accuracy,Ensemble F1
0,42,0.4968,0.4961954345214257,0.5,0.0,0.6554,0.7207002755714054,0.8634,0.8747018895615483,0.8406,0.8587129941499734,0.8436,0.860506600071352
1,91,0.4968,0.4961954345214257,0.5,0.0,0.6554,0.7207002755714054,0.8634,0.8747018895615483,0.8336,0.8538812785388129,0.8372,0.8559801840056617
2,184,0.4968,0.4961954345214257,0.5,0.0,0.6554,0.7207002755714054,0.8634,0.8747018895615483,0.8418,0.8599256242252523,0.8442,0.8612150365223589
3,333,0.4968,0.4961954345214257,0.5,0.0,0.6554,0.7207002755714054,0.8634,0.8747018895615483,0.8416,0.8595246541326712,0.844,0.8608137044967881
4,647,0.4968,0.4961954345214257,0.5,0.0,0.6554,0.7207002755714054,0.8634,0.8747018895615483,0.8362,0.8555810262740258,0.8394,0.8574471862240369
5,Mean,0.4968,0.4961954345214258,0.5,0.0,0.6554,0.7207002755714054,0.8634000000000001,0.8747018895615483,0.8387600000000001,0.8575251154641471,0.84168,0.8591925422640395
6,Std,0.0,5.551115123125783e-17,0.0,0.0,0.0,0.0,1.1102230246251565e-16,0.0,0.0032824381182285744,0.0023760758947845915,0.0028526478927480355,0.002088583788950105
